Product Name,Price,Discription,Rating,Page Number
"TOUCH 18 BOLD T400 (Pink, 16 GB)","₹5,000",2 GB RAM | 16 GB ROM10.16 cm (4 inch) Display5MP Rear Camera2000 mAh Battery1 Year Domestic Warranty,N/A,3
"ROCK TOUCH BOLD T240 (Grey, 16 GB)","₹7,365",2 GB RAM | 16 GB ROM7.62 cm (3 inch) Display5MP Rear Camera2000 mAh Battery4 Month Warranty,4,3
"itel A60s, Upto 8GB RAM|8MP AI Rear Camera|5000mAh Battery|Faceunlock & Fingerprint (Glacier Green, 12...","₹8,999",4 GB RAM | 128 GB ROM | Expandable Upto 1 TB16.76 cm (6.6 inch) HD+ Display8MP + 8MP5000 mAh BatteryUnisoc SC9863A1 Processor1 Year Manufacturer Warranty,3.7,4
"MOTOROLA g24 Power (Ink blue, 128 GB)","₹10,999",8 GB RAM | 128 GB ROM | Expandable Upto 1 TB16.76 cm (6.6 inch) HD+ Display50MP + 2MP | 16MP Front Camera6000 mAh BatteryHelio G85 Processor1 Year on Handset and 6 Months on Accessories,4.2,4
"TOUCH 18 BOLD T240 (Light Green, 16 GB)","₹4,999",2 GB RAM | 16 GB ROM7.62 cm (3 inch) Display5MP Rear Camera2000 mAh Battery1 Year Domestic Warranty,N/A,4
"Infinix SMART 8 HD (Galaxy White, 64 GB)","₹6,699",3 GB RAM | 64 GB ROM | Expandable Upto 2 TB16.76 cm (6.6 inch) HD+ Display13MP + AI Lens | 8MP Front Camera5000 mAh BatteryT606 Processor1 Year on Handset and 6 Months on Accessories,4.3,4
"LAVA Z60 (Black, 16 GB)","₹6,499",1 GB RAM | 16 GB ROM | Expandable Upto 32 GB12.7 cm (5 inch) FWVGA Display5MP Rear Camera | 5MP Front Camera2500 mAh Li-ion BatteryMTK6737 ProcessorBrand Warranty of 2 Year Available for Mobile and 6 Months for Accessories,3.9,4
"MOTOROLA G04 (Concord Black, 64 GB)","₹6,999",4 GB RAM | 64 GB ROM | Expandable Upto 1 TB16.76 cm (6.6 inch) HD+ Display16MP Rear Camera | 5MP Front Camera5000 mAh BatteryUnisoc T606 Processor1 Year on Handset and 6 Months on Accessories,4.2,4
"REDMI A2 (Classic Black, 32 GB)","₹8,999",2 GB RAM | 32 GB ROM | Expandable Upto 1 TB16.56 cm (6.52 inch) HD+ Display8MP Rear Camera | 5MP Front Camera5000 mAh BatteryHelio G36 Processor1 Year Manufacturer Warranty for Phone and 6 Months Warranty for In the Box Accessories,4.1,4
"POCO C61 (Ethereal Blue, 64 GB)","₹6,980",4 GB RAM | 64 GB ROM | Expandable Upto 1 TB17.04 cm (6.71 inch) HD+ Display8MP Rear Camera | 5MP Front Camera5000 mAh BatteryHelio G36 Processor1 Year Manufacturer Warranty for Phone and 6 Months Warranty for In the Box Accessories,4.1,4
"LAVA Z60S (Black, 16 GB)","₹5,990",1 GB RAM | 16 GB ROM | Expandable Upto 64 GB12.7 cm (5 inch) HD Display5MP Rear Camera | 5MP Front Camera2500 mAh Battery1.5 Quad Core Processor Processor1 Year Warranty,4,4
"itel A60 (VertMenthe, 32 GB)","₹5,999",2 GB RAM | 32 GB ROM16.76 cm (6.6 inch) HD Display8MP Rear Camera5000 mAh BatteryUnisoc Processor1 Year Manufacturer Warranty for Device and 6 Months Manufacturer Warranty for In-box Accessories Including,4.1,4
"POCO C61 (Mystical Green, 64 GB)","₹8,998",4 GB RAM | 64 GB ROM | Expandable Upto 1 TB17.04 cm (6.71 inch) HD+ Display8MP Rear Camera | 5MP Front Camera5000 mAh BatteryHelio G36 Processor1 Year Manufacturer Warranty for Phone and 6 Months Warranty for In the Box Accessories,4.1,4
"Infinix Smart 8 Plus (Timber Black, 128 GB)","₹7,799",4 GB RAM | 128 GB ROM | Expandable Upto 2 TB16.76 cm (6.6 inch) HD+ Display50MP + AI Lens | 8MP Front Camera6000 mAh BatteryMediatek Helio G36 Processor1 Year Warranty on Handset and 6 Months Warranty on Accessories,4.3,4
"Motorola e13 (Aurora Green, 128 GB)",N/A,8 GB RAM | 128 GB ROM | Expandable Upto 1 TB16.51 cm (6.5 inch) HD+ Display13MP Rear Camera | 5MP Front Camera5000 mAh BatteryUnisoc T606 Processor1 Year on Handset and 6 Months on Accessories,4.1,4
"MOTOROLA G04 (Sea Green, 128 GB)","₹7,999",8 GB RAM | 128 GB ROM | Expandable Upto 1 TB16.76 cm (6.6 inch) HD+ Display16MP Rear Camera | 5MP Front Camera5000 mAh BatteryUnisoc T606 Processor1 Year on Handset and 6 Months on Accessories,4.1,4
"Motorola e13 (Cosmic Black, 64 GB)","₹6,999",2 GB RAM | 64 GB ROM | Expandable Upto 1 TB16.51 cm (6.5 inch) HD+ Display13MP Rear Camera | 5MP Front Camera5000 mAh BatteryUnisoc T606 Processor1 Year on Handset and 6 Months on Accessories,4,4
"Infinix SMART 8 HD (Shiny Gold, 64 GB)","₹6,999",4 GB RAM | 64 GB ROM | Expandable Upto 2 TB16.76 cm (6.6 inch) HD+ Display13MP + AI Lens | 8MP Front Camera5000 mAh BatteryT606 Processor1 Year on Handset and 6 Months on Accessories,4.3,4
"LYF Water 7 (Silver, 16 GB)","₹9,999",2 GB RAM | 16 GB ROM | Expandable Upto 128 GB13.97 cm (5.5 inch) Full HD Display13MP Rear Camera | 5MP Front Camera3000 mAh Li-Ion Polymer BatteryQualcomm Snapdragon 615 MSM8939 ProcessorBrand Warranty of 1 Year Available for Mobile and 6 Months for Accessories,3.5,4
"MOTOROLA G04 (Sunrise Orange, 64 GB)","₹9,999",4 GB RAM | 64 GB ROM | Expandable Upto 1 TB16.76 cm (6.6 inch) HD+ Display16MP Rear Camera | 5MP Front Camera5000 mAh BatteryUnisoc T606 Processor1 Year on Handset and 6 Months on Accessories,4.2,4
"MOTOROLA G04 (Sea Green, 64 GB)","₹9,999",4 GB RAM | 64 GB ROM | Expandable Upto 1 TB16.76 cm (6.6 inch) HD+ Display16MP Rear Camera | 5MP Front Camera5000 mAh BatteryUnisoc T606 Processor1 Year on Handset and 6 Months on Accessories,4.2,4
"MOTOROLA G04 (Satin Blue, 64 GB)","₹9,999",4 GB RAM | 64 GB ROM | Expandable Upto 1 TB16.76 cm (6.6 inch) HD+ Display16MP Rear Camera | 5MP Front Camera5000 mAh BatteryUnisoc T606 Processor1 Year on Handset and 6 Months on Accessories,4.2,4
"oneme FM 1 (Gold, 16 GB)","₹4,600",2 GB RAM | 16 GB ROM7.62 cm (3 inch) HD Display5MP Rear Camera2000 mAh BatteryCortex-A7 quad core Processor6 MONTHS (DOMESTIC),2.8,4
"oneme FM-1 (Gold, 16 GB)","₹5,000",2 GB RAM | 16 GB ROM7.62 cm (3 inch) HD Display5MP Rear Camera2000 mAh BatteryCortex-A7 quad core Processor6 MONTHS (DOMESTIC),3,4
"Snexian BOLD T400 (Grey, 16 GB)","₹7,075",2 GB RAM | 16 GB ROM10.16 cm (4 inch) Display5MP Rear Camera2000 mAh Battery1 Year Domestic Warranty,3.4,4
"Ai+ Pulse 1 (Blue, 64 GB)","₹7,999",4 GB RAM | 64 GB ROM | Expandable Upto 1 TB17.13 cm (6.745 inch) HD+ Display50MP Rear Camera | 5MP Front Camera5000 mAh BatteryT615 Processor1 Year Warranty on Handset and 6 Months Warranty on the Inbox Accessories,4.2,4
"Tecno Spark Go 3 (Titanium Grey, 64 GB)","₹12,499",4 GB RAM | 64 GB ROM17.12 cm (6.74 inch) HD+ Display13MP Rear Camera | 8MP Front Camera5000 mAh Lithium Polymer BatteryT7250 Processor1 Year Manufacturer Warranty for Phone,4.1,5
"Tecno Spark Go 3 (Ink Black, 64 GB)","₹12,499",4 GB RAM | 64 GB ROM17.12 cm (6.74 inch) HD+ Display13MP Rear Camera | 8MP Front Camera5000 mAh Lithium Polymer BatteryT7250 Processor1 Year Manufacturer Warranty for Phone,4.1,5
"itel A50 (Lime Green, 64 GB)","₹6,199",3 GB RAM | 64 GB ROM16.94 cm (6.67 inch) Display8MP Rear Camera5000 mAh Battery1 Year manufacturer Warranty,3.5,5
"itel A50 (Cyan Blue, 64 GB)","₹6,480",3 GB RAM | 64 GB ROM16.94 cm (6.67 inch) Display8MP Rear Camera5000 mAh Battery1 Year manufacturer Warranty,3.5,5
"POCO C61 (Diamond Dust Black, 64 GB)","₹7,299",4 GB RAM | 64 GB ROM | Expandable Upto 1 TB17.04 cm (6.71 inch) HD+ Display8MP Rear Camera | 5MP Front Camera5000 mAh BatteryHelio G36 Processor1 Year Manufacturer Warranty for Phone and 6 Months Warranty for In the Box Accessories,4.1,5
"LAVA Z62 (Space Blue, 16 GB)","₹7,399",2 GB RAM | 16 GB ROM | Expandable Upto 256 GB15.24 cm (6 inch) Display8MP Rear Camera | 5MP Front Camera3380 mAh BatteryMTK 6761 ProcessorBrand Warranty of 1 Year Available for Mobile and 6 Months for Accessories,4.2,5
"Infinix SMART 8 HD (Timber Black, 64 GB)","₹6,999",4 GB RAM | 64 GB ROM | Expandable Upto 2 TB16.76 cm (6.6 inch) HD+ Display13MP + AI Lens | 8MP Front Camera5000 mAh BatteryT606 Processor1 Year on Handset and 6 Months on Accessories,4.3,5
"LAVA Z21 (Cyan, 32 GB)","₹5,999",2 GB RAM | 32 GB ROM | Expandable Upto 256 GB12.7 cm (5 inch) FWVGA Display5MP Rear Camera | 2MP Front Camera3100 mAh Lithium Ion BatteryOcta Core Processor Processor1 Year Manufacturer Warranty for Phone and 6 Months Warranty for Accessories in the Box,3.2,5
"itel P40 (Luxurious Gold, 128 GB)","₹6,599",4 GB RAM | 128 GB ROM16.76 cm (6.6 inch) HD+ Display13MP Rear Camera6000 mAh Battery1 Year Manufacturer Warranty,4,5
"itel P40 (Luxurious Gold, 32 GB)","₹8,299","3 GB RAM | 32 GB ROM16.76 cm (6.6 inch) Display13MP Rear Camera6000 mAh Battery12 Months Warranty for device
6 months for accessories
1 Time Screen Replacement within 100 Days*",4.1,5
"itel A50 (Shimmer Gold, 64 GB)","₹7,390",4 GB RAM | 64 GB ROM | Expandable Upto 512 GB16.94 cm (6.67 inch) HD Display8MP Rear Camera | 5MP Front Camera5000 mAh BatteryUnisoc T603 Processor1 Year manufacturer,4.2,5
"itel A50 (Shimmer Gold, 64 GB)","₹6,897",3 GB RAM | 64 GB ROM16.94 cm (6.67 inch) Display8MP Rear Camera5000 mAh Battery1 Year manufacturer Warranty,3.5,5
"MOTOROLA g24 Power (Ink blue, 128 GB)","₹10,999",8 GB RAM | 128 GB ROM | Expandable Upto 1 TB16.76 cm (6.6 inch) HD+ Display50MP + 2MP | 16MP Front Camera6000 mAh BatteryHelio G85 Processor1 Year on Handset and 6 Months on Accessories,4.2,5
"I Kall Z20 Plus Smartphone – 6.26"" Display, Support 4G LTE Vi, Airtel & BSNL (Purple, 128 GB)","₹6,499",6 GB RAM | 128 GB ROM | Expandable Upto 256 GB15.9 cm (6.26 inch) Full HD+ Display20MP Rear Camera | 13MP Front Camera5000 mAh BatteryOcta-Core Processor1 Year Domestic Warranty,3.3,5
"I Kall Z10 Smartphone - 6.56"" HD Display, 5000mAh Battery, 20MP Rear Camera (Black, 64 GB)","₹7,404",4 GB RAM | 64 GB ROM | Expandable Upto 64 GB16.59 cm (6.53 inch) Display20MP Rear Camera | 8MP Front Camera5000 mAh Battery1 year manufacturing warranty for mobile and 6 months for box accessories,N/A,5
"Infinix SMART 8 HD (Crystal Green, 64 GB)","₹6,999",4 GB RAM | 64 GB ROM | Expandable Upto 2 TB16.76 cm (6.6 inch) HD+ Display13MP + AI Lens | 8MP Front Camera5000 mAh BatteryT606 Processor1 Year on Handset and 6 Months on Accessories,4.3,5
"Infinix SMART 8 HD (Galaxy White, 64 GB)","₹6,699",3 GB RAM | 64 GB ROM | Expandable Upto 2 TB16.76 cm (6.6 inch) HD+ Display13MP + AI Lens | 8MP Front Camera5000 mAh BatteryT606 Processor1 Year on Handset and 6 Months on Accessories,4.3,5
"itel A05s | Typse C Charging | 4000 mAh Battery | Side FingerPrint (Crystal Blue, 64 GB)","₹7,499",4 GB RAM | 64 GB ROM16.66 cm (6.56 inch) Display8MP Rear Camera4000 mAh Battery1-year manufacturer Warranty,4.3,5
"REDMI A5  - Locked with Airtel Prepaid (Just Black, 64 GB)","₹8,995",3 GB RAM | 64 GB ROM | Expandable Upto 2 TB17.48 cm (6.88 inch) HD+ Display32MP Rear Camera | 8MP Front Camera5200 mAh BatteryT7250 Processor1 Year Manufacturer Warranty for Handset and 6 Months Warranty for In the Box Accessories,4.1,5
"REDMI A3 (Lake Blue, 64 GB)","₹6,998",3 GB RAM | 64 GB ROM | Expandable Upto 1 TB17.04 cm (6.71 inch) HD+ Display8MP Rear Camera | 5MP Front Camera5000 mAh BatteryMediatek Helio G36 Processor1 Year Manufacturer Warranty for Phone and 6 Months Warranty for In the Box Accessories,4.1,5
"LAVA Z93 (Charcoal Blue, 32 GB)","₹9,999",3 GB RAM | 32 GB ROM15.8 cm (6.22 inch) Display13MP + 2MP | 8MP Front Camera3500 mAh Li-Po BatteryHelio P22 ProcessorBrand Warranty of 1 Year Available for Mobile and 6 Months for Accessories,4.3,5
"Infinix Smart 8 Plus (Galaxy White, 128 GB)","₹7,799",4 GB RAM | 128 GB ROM | Expandable Upto 2 TB16.76 cm (6.6 inch) HD+ Display50MP + AI Lens | 8MP Front Camera6000 mAh BatteryMediatek Helio G36 Processor1 Year Warranty on Handset and 6 Months Warranty on Accessories,4.3,5
"REDMI A2 (Classic Black, 32 GB)","₹8,999",2 GB RAM | 32 GB ROM | Expandable Upto 1 TB16.56 cm (6.52 inch) HD+ Display8MP Rear Camera | 5MP Front Camera5000 mAh BatteryHelio G36 Processor1 Year Manufacturer Warranty for Phone and 6 Months Warranty for In the Box Accessories,4.1,5
"LAVA Z60S (Black, 16 GB)","₹5,990",1 GB RAM | 16 GB ROM | Expandable Upto 64 GB12.7 cm (5 inch) HD Display5MP Rear Camera | 5MP Front Camera2500 mAh Battery1.5 Quad Core Processor Processor1 Year Warranty,4,5
"Tecno Spark Go 3 (Titanium Grey, 64 GB)","₹12,499",4 GB RAM | 64 GB ROM17.12 cm (6.74 inch) HD+ Display13MP Rear Camera | 8MP Front Camera5000 mAh Lithium Polymer BatteryT7250 Processor1 Year Manufacturer Warranty for Phone,4.1,6
"Tecno Spark Go 3 (Ink Black, 64 GB)","₹12,499",4 GB RAM | 64 GB ROM17.12 cm (6.74 inch) HD+ Display13MP Rear Camera | 8MP Front Camera5000 mAh Lithium Polymer BatteryT7250 Processor1 Year Manufacturer Warranty for Phone,4.1,6
"Samsung Galaxy F36 5G (Red, 128 GB)","₹20,999",6 GB RAM | 128 GB ROM | Expandable Upto 2 TB17.02 cm (6.7 inch) Full HD+ Display50MP + 8MP + 2MP | 13MP Front Camera5000 mAh BatterySamsung Exynos 1380 Processor1 Year Manufacturer Warranty for Device and 6 Months for In-Box Accessories,4.3,6
"Samsung Galaxy A17 5G (Black, 128 GB)","₹26,269",8 GB RAM | 128 GB ROM | Expandable Upto 2 TB17.02 cm (6.7 inch) Full HD+ Display50MP + 5MP + 2MP | 13MP Front Camera5000 mAh BatterySamsung Exynos 1330 Processor1 Year Manufacturer Warranty for Device and 6 Months for In-Box Accessories,4.3,6
"Samsung Galaxy A17 5G (Blue, 128 GB)","₹26,449",8 GB RAM | 128 GB ROM | Expandable Upto 2 TB17.02 cm (6.7 inch) Full HD+ Display50MP + 5MP + 2MP | 13MP Front Camera5000 mAh BatterySamsung Exynos 1330 Processor1 Year Manufacturer Warranty for Device and 6 Months for In-Box Accessories,4.3,6
"Ai+ Nova 2 Ultra 5G (Green, 128 GB)","₹21,999",8 GB RAM | 128 GB ROM | Expandable Upto 1 TB17.22 cm (6.78 inch) Full HD+ AMOLED Display50MP + 8MP | 13MP Front Camera6000 mAh Li-polymer BatteryDimensity 7400 Processor1 Year Warranty on Handset and 6 Months Warranty on the Inbox Accessories,4.1,6
"vivo T5 5G (Silver Green, 256 GB)","₹44,999",8 GB RAM | 256 GB ROM17.35 cm (6.83 inch) Full HD+ AMOLED Display50MP + 8MP | 32MP Front Camera7050 mAh Li-ion BatteryDimensity 7500 Processor1 Year Warranty,4.5,6
"REDMI 15C 5G (Dusk Purple, 128 GB)","₹19,570",6 GB RAM | 128 GB ROM17.53 cm (6.9 inch) Display50MP Rear Camera6000 mAh Battery1 year manufacturer warranty for device and 6 months manufacturer warranty for in-box accessories including batteries from the date of purchase,4.2,6
"realme P4 Power 5G Charger in the Box (TransOrange, 256 GB)","₹34,999",8 GB RAM | 256 GB ROM17.27 cm (6.8 inch) Full HD+ AMOLED Display50MP + 8MP | Yes10001 mAh BatteryDimensity 7400 Ultra Processor1 Year Manufacturer Warranty for Device and 6 Months Manufacturer Warranty for Inbox Accessories,4.4,6
"MOTOROLA g37 (PANTONE Capri, 64 GB)","₹17,249",4 GB RAM | 64 GB ROM | Expandable Upto 1 TB16.92 cm (6.66 inch) HD+ Display50MP Rear Camera | 8MP Front Camera5200 mAh BatteryDimensity 6400 Processor1 Year on Handset and 6 Months on Accessories,4.3,6
"realme Narzo 100 Lite 5G (Thunder Black, 128 GB)","₹21,250",6 GB RAM | 128 GB ROM17.27 cm (6.8 inch) Display13MP Rear Camera7000 mAh Battery1 year manufacturer warranty for device and 6 months manufacturer warranty for in-box accessories including batteries from the date of purchase,4.2,6
"Samsung Galaxy A06 5G (Black, 64 GB)","₹15,498",4 GB RAM | 64 GB ROM17.02 cm (6.7 inch) HD+ Display50MP + 2MP | 8MP Front Camera5000 mAh Li-ion BatteryDimensity 6300 Processor1 Year Manufacturer Warranty for Device and 6 Months for In-Box Accessories,4.1,6
OCTAGON HUB Cheery Flower Shell Phone Charms Stylish Accessories Trendy Gift for Girl Phone Charm,₹289,Phone charmBag CharmPhone Chain0,N/A,6
"REDMI 15C 5G (Moonlight Blue, 128 GB)","₹19,810",6 GB RAM | 128 GB ROM17.53 cm (6.9 inch) Display50MP Rear Camera6000 mAh Battery1 year manufacturer warranty for device and 6 months manufacturer warranty for in-box accessories including batteries from the date of purchase,4.2,6
"realme GT 7T (Racing Yellow, 256 GB)","₹42,999",12 GB RAM | 256 GB ROM17.27 cm (6.8 inch) Full HD+ AMOLED Display50MP + 8MP | 32MP Front Camera7000 mAh Li-ion BatteryDimensity 8400-MAX Processorstandard 1-year warranty for the device  and a 6-month warranty for accessories,4.4,6
"OnePlus Nord CE6 Lite (Hyper Black, 256 GB)","₹34,000",8 GB RAM | 256 GB ROM | Expandable Upto 128 GB17.07 cm (6.72 inch) Full HD+ Display50MP Rear Camera | 8MP Front Camera7000 mAh BatteryMediaTek Dimensity 7400 Apex Processorone year of handset six month of accessories,4.3,6
"realme Narzo 100 Lite 5G (Frost Silver, 128 GB)","₹21,499",6 GB RAM | 128 GB ROM17.27 cm (6.8 inch) Display13MP Rear Camera7000 mAh Battery1 year manufacturer warranty for device and 6 months manufacturer warranty for in-box accessories including batteries from the date of purchase,4.2,6
"REDMI 15C 5G (Midnight Black, 128 GB)","₹21,784",8 GB RAM | 128 GB ROM17.53 cm (6.9 inch) Display50MP Rear Camera6000 mAh Battery1 year manufacturer warranty for device and 6 months manufacturer warranty for in-box accessories including batteries from the date of purchase,4.3,6
"LAVA Virat V1 (Nilgiri Blue, 64 GB)","₹10,499",4 GB RAM | 64 GB ROM17.14 cm (6.75 inch) Display13MP Rear Camera5000 mAh Battery1 Year Manufacturer Warranty for Device and 6 Months for In-Box Accessories,3.9,6
"realme Narzo 100 Lite 5G (Thunder Black, 128 GB)","₹17,965",4 GB RAM | 128 GB ROM17.27 cm (6.8 inch) Display13MP Rear Camera7000 mAh Battery1 year manufacturer warranty for device and 6 months manufacturer warranty for in-box accessories including batteries from the date of purchase,4.2,6
"vivo T5 5G (Silver Green, 128 GB)","₹34,999",6 GB RAM | 128 GB ROM17.35 cm (6.83 inch) Full HD+ AMOLED Display50MP + 8MP | 32MP Front Camera7050 mAh Li-ion BatteryDimensity 7500 Processor1 Year Warranty,4.5,6
"realme P4 Pro 5G (Birch Wood, 256 GB)","₹30,999",8 GB RAM | 256 GB ROM17.27 cm (6.8 inch) Full HD+ Display50MP + 8MP | 50MP Front Camera7000 mAh BatterySnapdragon 7 Gen 4 Mobile Processor1 Year Manufacturer Warranty for Device and 6 Months Manufacturer Warranty for Inbox Accessories,4.4,6
ClipNclik Phone charm mobile charm Phone Charm,₹270,N/A,4.5,6
"realme P4 Pro 5G (Midnight Ivy, 128 GB)","₹28,999",8 GB RAM | 128 GB ROM17.27 cm (6.8 inch) Full HD+ Display50MP + 8MP | 50MP Front Camera7000 mAh BatterySnapdragon 7 Gen 4 Mobile Processor1 Year Manufacturer Warranty for Device and 6 Months Manufacturer Warranty for Inbox Accessories,4.4,6
"vivo T5 5G (Silver Green, 128 GB)","₹39,999",8 GB RAM | 128 GB ROM17.35 cm (6.83 inch) Full HD+ AMOLED Display50MP + 8MP | 32MP Front Camera7050 mAh Li-ion BatteryDimensity 7500 Processor1 Year Warranty,4.5,7
"realme Narzo 100 Lite 5G (Thunder Black, 64 GB)","₹16,848",4 GB RAM | 64 GB ROM17.27 cm (6.8 inch) Display13MP Rear Camera7000 mAh Battery1 year manufacturer warranty for device and 6 months manufacturer warranty for in-box accessories including batteries from the date of purchase,4.2,7
"realme Narzo 100 Lite 5G (Frost Silver, 64 GB)","₹16,735",4 GB RAM | 64 GB ROM17.27 cm (6.8 inch) HD+ Display13MP Rear Camera | 5MP Front Camera7000 mAh BatteryDimensity 6300 MT6835 Processor1 year manufacturer warranty for device and 6 months manufacturer warranty for in-box accessories including batteries from the date of purchase,4.2,7
"realme 15 5G (Velvet Green, 256 GB)","₹31,999",8 GB RAM | 256 GB ROM17.27 cm (6.8 inch) Display50MP + 8MP | 50MP Front Camera7000 mAh BatteryMediatek Dimensity 7300+ 5G Processor1 Year Manufacturer Warranty for Device and 6 Months Manufacturer Warranty for Inbox Accessories,4.4,7
"realme 15 5G (Flowing Silver, 256 GB)","₹31,999",8 GB RAM | 256 GB ROM17.27 cm (6.8 inch) Full HD+ AMOLED Display50MP + 8MP | 50MP Front Camera7000 mAh BatteryMediatek Dimensity 7300+ 5G Processor1 Year Manufacturer Warranty for Device and 6 Months Manufacturer Warranty for Inbox Accessories,4.4,7
"realme 15 5G (Flowing Silver, 128 GB)","₹29,999",8 GB RAM | 128 GB ROM17.27 cm (6.8 inch) Full HD+ Display50MP + 8MP | 50MP Front Camera7000 mAh BatteryMediatek Dimensity 7300+ 5G Processor1 Year Manufacturer Warranty for Device and 6 Months Manufacturer Warranty for Inbox Accessories,4.4,7
"realme P3 Ultra 5G (Neptune Blue, 256 GB)","₹28,999",8 GB RAM | 256 GB ROM17.35 cm (6.83 inch) Full HD+ Display50MP + 8MP | 16MP Front Camera6000 mAh BatteryDimensity 8350 Ultra Processor1 Year Manufacturer Warranty for Device and 6 Months Manufacturer Warranty for Inbox Accessories,4.4,7
"REDMI 15C 5G (Midnight Black, 128 GB)","₹19,887",6 GB RAM | 128 GB ROM17.53 cm (6.9 inch) Display50MP Rear Camera6000 mAh Battery1 year manufacturer warranty for device and 6 months manufacturer warranty for in-box accessories including batteries from the date of purchase,4.2,7
"REDMI 15C 5G (Moonlight Blue, 128 GB)","₹21,843",8 GB RAM | 128 GB ROM17.53 cm (6.9 inch) Display50MP Rear Camera6000 mAh Battery1 year manufacturer warranty for device and 6 months manufacturer warranty for in-box accessories including batteries from the date of purchase,4.3,7
"vivo T5 5G (Royal Bronze, 128 GB)","₹39,999",8 GB RAM | 128 GB ROM17.35 cm (6.83 inch) Full HD+ AMOLED Display50MP + 8MP | 32MP Front Camera7050 mAh Li-ion BatteryDimensity 7500 Processor1 Year Warranty,4.5,7
"vivo T5 5G (Royal Bronze, 256 GB)","₹44,999",8 GB RAM | 256 GB ROM17.35 cm (6.83 inch) Full HD+ AMOLED Display50MP + 8MP | 32MP Front Camera7050 mAh Li-ion BatteryDimensity 7500 Processor1 Year Warranty,4.5,7
"Samsung Galaxy S25 Ultra 5G (Titanium Silverblue, 256 GB)","₹95,685",12 GB RAM | 256 GB ROM17.53 cm (6.9 inch) Quad HD+ Display200MP + 50MP + 50MP + 10MP | 12MP Front Camera5000 mAh Battery8 Elite for Galaxy Processor1 Year Manufacturer Warranty for Device and 6 Months for In-Box Accessories,4.6,7
"Samsung Galaxy A56 5G (Awesome Olive, 256 GB)","₹39,875",8 GB RAM | 256 GB ROM17.02 cm (6.7 inch) Full HD+ Display50MP + 12MP + 5MP | 12MP Front Camera5000 mAh BatterySamsung Exynos 1580 Processor1 Year Manufacturer Warranty for Device and 6 Months for In-Box Accessories,4.4,7
